Project, File Name, LOC
Java 2,Animal.java,26
Java 2,AnimalTest.java,14
Java 2,Assert.java,73
Java 2,AssertException.java,6
DS,AVLTree.h,277
DS,AVLTreeEnumerator.h,130
DS,AVLTreeOrder.h,3
Java 2,BoardGame.java,140
Java 2,Calculator.java,82
Java 2,CalculatorException.java,6
Java 2,CalculatorTest.java,260
Java 2,Circle.java,14
Java 2,Color.java,23
DS,Comparator.h,8
DS,Driller.cpp,333
DS,Driller2.cpp,415
DS,Driller3.cpp,541
DS,Driller4.cpp,568
DS,DrillingRecord.cpp,8
DS,DrillingRecord.h,8
DS,DrillingRecordComparator.h,10
DS,DrillingRecordComparator.cpp,26
DS,DrillingRecordHasher.cpp,8
DS,DrillingRecordHasher.h,6
Java 2,Driver.java,181
Java 2,Ellipse.java,30
DS,Enumerator.h,6
Java 2,EquilateralTriangle.java,19
DS,Exceptions.h,6
Java 2,GamePiece.java,32
Java 2,GamePieceAppearance.java,14
DS,Hasher.h,7
DS,HashTable.h,200
DS,HashTableEnumerator.h,97
Java 2,HealthyPerson.java,22
Java 2,Hospital.java,12
Java 2,HospitalTest.java,350
Java 2,Location.java,2
DS,OULink.h,19
DS,OULinkedList.h,271
DS,OULinkedListEnumerator.h,42
Java 2,Person.java,27
Java 2,PersonTest.java,31
Java 2,Polygon.java,18
Java 2,PriorityQueueHospital.java,30
Java 2,project5.java,233
Java 2,QueueHospital.java,37
Java 2,Rectangle.java,26
DS,ResizableArray.h,102
Java 2,Search.h,44
Java 2,Shape.java,40
Java 2,ShapeAreaComparator.java,19
Java 2,ShapePerimeterComparator.java,18
Java 2,ShapeSorter.java,27
Java 2,ShapeSorterTest.java,101
Java 2,ShapeTest.java,133
Java 2,SickPerson.java,29
DS,Sorter.h,58
Java 2,Soundboard_StationCalc.java,624
Java 2,Square.java,7
Java 2,StackHospital.java,39
Java 2,Trapezoid.java,30
Java 2,UnitTest.java,198
Total Lines of Code,,6166
